'facility_id','expected_yield'
'1','320176.231'
'2','240081.38800000006'
'3','321809.6725000001'
'4','319716.51100000006'
'5','250036.60499999998'
'6','279344.4355'
'7','213160.11599999998'
'8','315618.641'
'9','224424.04050000006'
'10','242493.79600000003'
'11','276966.727'
'12','286405.5880000001'
'13','54975.09349999997'
'15','4430.4574999999995'
